{"cameraMode":{"drawMode":0,"name":"Shaded","section":"Shading Mode"},"sceneLighting":true,"audioPlay":false,"sceneViewState":{"m_AlwaysRefresh":false,"showFog":true,"showSkybox":true,"showFlares":true,"showImageEffects":true,"showParticleSystems":true,"showVisualEffectGraphs":true,"m_FxEnabled":true},"in2DMode":false,"pivot":{"x":8.147235870361329,"y":-0.2234848141670227,"z":0.5731022953987122},"rotation":{"x":0.03480733558535576,"y":-0.015597465448081494,"z":-0.00021279040083754808,"w":0.9994804859161377},"size":4.573721885681152,"orthographic":true}