{"cameraMode":{"drawMode":0,"name":"Shaded","section":"Shading Mode"},"sceneLighting":false,"audioPlay":false,"sceneViewState":{"m_AlwaysRefresh":false,"showFog":true,"showSkybox":false,"showFlares":true,"showImageEffects":true,"showParticleSystems":true,"showVisualEffectGraphs":true,"m_FxEnabled":true},"in2DMode":false,"pivot":{"x":0.012000009417533875,"y":0.030102252960205079,"z":-1.1629999876022339},"rotation":{"x":0.2177915871143341,"y":0.021078377962112428,"z":-0.004716251511126757,"w":0.9757755994796753},"size":0.7387203574180603,"orthographic":true}