{"cameraMode":{"drawMode":0,"name":"Shaded","section":"Shading Mode"},"sceneLighting":false,"audioPlay":false,"sceneViewState":{"m_AlwaysRefresh":false,"showFog":true,"showSkybox":false,"showFlares":true,"showImageEffects":true,"showParticleSystems":true,"showVisualEffectGraphs":true,"m_FxEnabled":true},"in2DMode":false,"pivot":{"x":1.4531652927398682,"y":0.903051495552063,"z":-2.820783853530884},"rotation":{"x":0.01859520748257637,"y":0.004776474554091692,"z":-0.0015394812216982246,"w":1.0000813007354737},"size":0.5678908228874207,"orthographic":true}