{"cameraMode":{"drawMode":0,"name":"Shaded","section":"Shading Mode"},"sceneLighting":false,"audioPlay":false,"sceneViewState":{"m_AlwaysRefresh":false,"showFog":true,"showSkybox":false,"showFlares":true,"showImageEffects":true,"showParticleSystems":true,"showVisualEffectGraphs":true,"m_FxEnabled":true},"in2DMode":false,"pivot":{"x":200.76409912109376,"y":926.2758178710938,"z":5.9607720375061039},"rotation":{"x":0.14886221289634705,"y":0.011897806078195572,"z":-0.0012987693771719933,"w":0.988950252532959},"size":42.11476135253906,"orthographic":true}