{"cameraMode":{"drawMode":0,"name":"Shaded","section":"Shading Mode"},"sceneLighting":false,"audioPlay":false,"sceneViewState":{"m_AlwaysRefresh":false,"showFog":true,"showSkybox":false,"showFlares":true,"showImageEffects":true,"showParticleSystems":true,"showVisualEffectGraphs":true,"m_FxEnabled":true},"in2DMode":false,"pivot":{"x":1.4531652927398682,"y":0.903051495552063,"z":-2.820783853530884},"rotation":{"x":0.05218105390667915,"y":-0.0035975496284663679,"z":0.00030086396145634353,"w":0.9987674951553345},"size":0.5678908228874207,"orthographic":true}